GPSTime,X,Y,Z
372618.0,3509216.5731817377,778700.4377722502,5250463.558418513
372619.0,3509215.689173526,778702.0171217149,5250463.880146804
372620.0,3509266.0134800225,778678.8562542809,5250447.105771116
372621.0,3509332.2235058392,778647.3649019855,5250425.709848485
372622.0,3509332.9076511827,778648.33076378,5250424.136840173
372623.0,3509333.2642828105,778649.5502073746,5250423.5828657355
372624.0,3509334.183832035,778650.5325655574,5250421.100711142
372625.0,3509334.58544913,778651.609396662,5250419.973530383
372626.0,3509033.25153019,778744.9979301672,5250877.116001608
372627.0,3508904.512592834,778767.862947413,5251008.791198825
372628.0,3508966.4637609655,778754.4773476636,5250615.565185913
372629.0,3508966.039813322,778755.4549863046,5250615.809747839
372630.0,3508966.336409274,778756.6923989432,5250616.31590633
372631.0,3508966.3824786725,778757.8615040347,5250617.442155099
372632.0,3508966.5723484457,778759.1571494427,5250618.2875071
372633.0,3509206.693365887,778720.8977170438,5250464.788970234
372634.0,3509206.6555094845,778721.9569952565,5250465.017648635
372635.0,3509206.936798564,778723.0342957274,5250465.074361597
372636.0,3509207.09739893,778724.5303467708,5250465.622038906
372637.0,3509207.507193499,778726.5107009893,5250466.982145973
372638.0,3509207.367418838,778727.7406090996,5250467.7787804045
372639.0,3509207.509449002,778729.2801327694,5250469.020572136
372640.0,3509207.439668511,778731.3635693119,5250469.520883973
372641.0,3509207.306012242,778732.8464069993,5250469.640132501
372642.0,3509207.29767583,778734.2546524164,5250470.325248824
372643.0,3509207.3987558563,778735.8896487282,5250470.863130723
372644.0,3509207.457721015,778737.155975675,5250471.362126384
372645.0,3509207.0255260435,778737.892978746,5250472.199835203
372646.0,3509207.874284871,778739.6714967845,5250473.986643322
372647.0,3509209.268877548,778741.4984269466,5250475.647377482
372648.0,3509209.761117985,778743.1529337629,5250476.213330664
372649.0,3509209.8595485403,778744.7837846935,5250475.345779086
372650.0,3509429.9533355315,778967.3696601014,5250779.049866454
372651.0,3509261.187607611,778799.270751571,5250545.983333826
372652.0,3509261.2130828444,778800.2460161163,5250546.255954854
372653.0,3509261.601829561,778801.342933317,5250546.261492405
372654.0,3509262.1193457525,778802.2981660138,5250546.9013013225
372655.0,3509262.5117022796,778803.3165351029,5250547.15684054
372656.0,3509263.3826674763,778804.2695725184,5250549.928351265
372657.0,3509264.025328395,778805.2573449482,5250551.123189556
372658.0,3509263.830896786,778806.3867816916,5250551.369675302
372659.0,3509263.662302446,778807.057270586,5250550.254165325
372660.0,3509268.8856019923,778799.9647097155,5250557.484793558
372661.0,3509353.917084288,778879.6838207535,5250624.458712186
372662.0,3509354.1501910645,778880.2139894653,5250625.185403467
372663.0,3509354.402500307,778880.2955104609,5250625.936197136
372664.0,3509354.7661285177,778880.6988024468,5250626.762431811
372665.0,3509355.058105833,778880.9028492424,5250627.594264395
372666.0,3509355.2898207023,778881.5046751512,5250628.660716822
372667.0,3509355.7193572107,778881.7290253774,5250629.17375639
372668.0,3509355.9814163647,778881.8724770375,5250629.835410909
372669.0,3509355.983631394,778882.067180729,5250630.110025105
372670.0,3509356.2823183364,778882.4681268435,5250630.976294379
372671.0,3509356.4304256537,778882.6149520206,5250631.463148732
372672.0,3509356.6217103205,778882.8894906534,5250632.526724832
372673.0,3509356.7968698125,778882.910004616,5250633.036660614
372674.0,3509356.991418349,778883.2010594023,5250634.151359593
372675.0,3509357.3099782146,778883.1506468897,5250634.363690575
372676.0,3509357.9613691997,778883.020998849,5250635.092899356
372677.0,3509358.169887309,778883.0121909595,5250635.777978525
372678.0,3509358.33980065,778883.2873682,5250636.142473353
372679.0,3509358.4874755912,778883.5298407985,5250636.589074499
372680.0,3509358.6143404106,778883.7356911158,5250637.332675396
372681.0,3509358.8660803386,778884.1811222002,5250637.871985433
372682.0,3509359.2488867757,778884.5993991261,5250638.481501112
372683.0,3509359.4328171615,778885.0860298664,5250639.374517688
372684.0,3509359.8098013746,778885.385641404,5250640.024438132
372685.0,3509360.163890515,778885.3707727583,5250640.431799743
372686.0,3509360.5955510656,778885.6235821472,5250641.19410349
372687.0,3509360.606173074,778885.6263042234,5250641.791340711
372688.0,3509360.416906027,778885.8003688108,5250642.11230536
372689.0,3509360.5713243587,778886.2764892478,5250643.594879774
372690.0,3509360.705025832,778886.6389133955,5250644.384210911
372691.0,3509360.7958226134,778886.9581050342,5250644.802472917
372692.0,3509361.1122409515,778887.2106068622,5250645.894122235
372693.0,3509361.6258782623,778887.2197945206,5250646.9515356645
372694.0,3509361.961066873,778887.2135813095,5250647.628947337
372695.0,3509362.2470496045,778887.2921769,5250648.443011147
372696.0,3509362.582874073,778887.5308997718,5250649.144530219
372697.0,3509362.9057123354,778887.804204306,5250650.452977806
372698.0,3509363.4163296437,778887.9813077319,5250651.018811537
372699.0,3509363.719972337,778888.1493445985,5250651.725045182
372700.0,3509363.685604414,778888.3059191948,5250652.680088038
372701.0,3509363.2471937328,778888.6384225956,5250652.40103427
372702.0,3509363.4885183005,778888.8524147173,5250652.912448005
372703.0,3509363.9528424125,778889.0313770453,5250653.492002094
372704.0,3509364.3672234653,778889.5877445255,5250654.695132518
372705.0,3509230.1824145284,778943.0852914779,5250769.341958253
372706.0,3509366.1132851024,778889.6040780683,5250655.12038184
372707.0,3509366.149624623,778889.6827126526,5250655.827603906
372708.0,3509366.485136322,778889.9220673868,5250656.674847617
372709.0,3509366.265807088,778890.3106278803,5250657.29153771
372710.0,3509231.084129588,778943.6012102093,5250772.275776987
372711.0,3509366.545013493,778890.7363517417,5250659.084100485
372712.0,3509367.0460738414,778890.4853417594,5250659.931709992
372713.0,3509372.045953232,778882.6467634944,5250666.894181831
372714.0,3509368.000277371,778890.5220389623,5250661.405865485
372715.0,3509368.203800652,778890.5828817781,5250661.686821234
372716.0,3509368.410246131,778890.8569641629,5250662.334120803
372717.0,3509284.1919059968,778823.2718339657,5250592.72800005
372718.0,3509368.413893455,778891.3171044649,5250663.638309628
372719.0,3509368.1298444974,778891.8443481085,5250664.59771502
372720.0,3509368.0877436777,778892.448670534,5250665.351234334
372721.0,3509452.6630530464,778807.9738573761,5250601.818094851
372722.0,3509358.934905091,778894.4650775265,5250628.749603213
372723.0,3509368.040885693,778894.341539974,5250668.541624595
372724.0,3509367.945001053,778894.3319770212,5250668.544004892
372725.0,3509368.379244519,778894.3661183023,5250669.027762787
372726.0,3509368.7599013955,778894.4201936143,5250669.179915447
372727.0,3509369.2450695913,778894.5682972252,5250669.703755927
372728.0,3509369.703587329,778894.5373483993,5250669.634908157
372729.0,3509369.5617365283,778894.7937181544,5250670.573376572
372730.0,3509369.7286315733,778894.9858931293,5250671.150791696
372731.0,3509369.900128157,778895.090367028,5250671.89470466
372732.0,3509370.016554378,778895.3371991891,5250672.865985303
372733.0,3509370.2585441987,778895.5546760998,5250673.868661105
372734.0,3509370.681085387,778895.9872469901,5250675.085680042
372735.0,3509370.835346913,778896.3862805414,5250676.007920223
372736.0,3509371.171408415,778896.6894758992,5250676.929117938
372737.0,3509371.7422394357,778897.0885195034,5250678.26185051
372738.0,3509371.7808836987,778897.6585761567,5250679.561875803
372739.0,3509372.1030220236,778898.1371831439,5250680.216377057
372740.0,3509372.2967318846,778898.6026541833,5250680.528750141
372741.0,3509372.63154494,778898.8974833082,5250680.94483456
372742.0,3509373.201231588,778899.2785225464,5250681.507557582
372743.0,3509458.3614599924,778814.0585279315,5250616.126909056
372744.0,3509458.663075974,778814.1657011714,5250616.840113681
372745.0,3509374.359684895,778899.7035165944,5250683.242602383
372746.0,3509375.203415224,778899.7932756022,5250683.860499175
372747.0,3509375.4238955956,778900.010859388,5250684.557783254
372748.0,3509375.58806102,778899.9241029423,5250684.824446258
372749.0,3509459.6679985346,778815.2132638717,5250620.056296081
372750.0,3509375.8483562623,778899.8511175755,5250686.384920552
372751.0,3509459.795253951,778815.2282779163,5250621.13771185
372752.0,3509459.8669144693,778815.338501629,5250621.4031429365
372753.0,3509460.2095559137,778815.331014844,5250621.875291124
372754.0,3509460.580671068,778815.4391389878,5250622.726357456
372755.0,3509375.3081643754,778901.8554514773,5250690.542161717
372756.0,3509375.668147357,778901.882664889,5250690.9924351
372757.0,3509376.1113227042,778902.0057856655,5250691.537958695
372758.0,3509376.485533104,778901.9529646843,5250691.58639908
372759.0,3509376.992195154,778901.7094754972,5250691.350736183
372760.0,3509377.4512194055,778901.4465449095,5250691.823741369
372761.0,3509377.7557010674,778901.3509994653,5250692.148285603
372762.0,3509378.299478805,778901.576239441,5250693.196179683
372763.0,3509378.9990861844,778901.9437610764,5250694.213477981
372764.0,3509379.0727618383,778902.1976339617,5250694.72861519
372765.0,3509379.196976309,778901.9992388273,5250694.951763405
372766.0,3509379.4834679402,778902.5658132137,5250696.010836075
372767.0,3509379.065931876,778902.8182869104,5250696.499857102
372768.0,3509462.679190826,778818.4413458866,5250630.355310202
372769.0,3509378.574871334,778903.8149539172,5250698.292756051
372770.0,3509378.524744703,778903.9959556067,5250699.060727853
372771.0,3509378.79193997,778904.0315020566,5250699.346785336
372772.0,3509379.2641597437,778904.2086957851,5250700.280230079
372773.0,3509379.9309672927,778904.4540362337,5250701.029410514
372774.0,3509380.390689004,778904.72305481,5250701.925742344
372775.0,3509381.05101398,778905.0622676786,5250702.753808112
372776.0,3509381.214389531,778905.2241166781,5250703.0294804955
372777.0,3509381.410353581,778905.5178606325,5250703.746269844
372778.0,3509381.7635656013,778905.7819602498,5250704.656707229
372779.0,3509381.8379112603,778905.9553401368,5250705.320785995
372780.0,3509381.763604281,778906.3271773035,5250706.3596845465
372781.0,3509382.078357261,778906.5708394193,5250707.11653188
372782.0,3509382.2872120133,778906.4323236126,5250707.335121412
372783.0,3509382.414793436,778906.3281204624,5250707.572635791
372784.0,3509383.0504407287,778906.361316863,5250708.067646395
372785.0,3509383.2060367074,778906.4865639459,5250708.365195369
372786.0,3509383.826688921,778906.6163569521,5250708.89144423
372787.0,3509384.0503766863,778906.9746958999,5250710.226757113
372788.0,3509384.416110668,778907.1640223877,5250711.065802201
372789.0,3509384.767912981,778907.4415411645,5250711.48716601
372790.0,3509385.0995701137,778907.719405927,5250712.241454189
372791.0,3509385.3138675014,778907.8509799861,5250712.9631411275
372792.0,3509385.490970891,778907.7813809643,5250713.003915224
372793.0,3509385.9290509373,778908.2094476874,5250714.088557863
372794.0,3509385.9153049234,778908.5341317481,5250714.7915300885
372795.0,3509386.49421188,778908.5400752184,5250715.032537925
372796.0,3509386.8056142256,778908.8371579177,5250715.230268187
372797.0,3509387.423375115,778909.0315539909,5250715.970233334
372798.0,3509387.9850037997,778909.0830372355,5250716.675068414
372799.0,3509388.2686577523,778909.2003843555,5250717.104869056
372800.0,3509388.720118738,778909.3328512018,5250718.16183608
372801.0,3509388.8930838546,778909.3517784043,5250718.900427079
372802.0,3509388.8247308233,778909.7735801792,5250720.155597141
372803.0,3509388.800773125,778910.1335824322,5250720.571897061
372804.0,3509388.923158025,778910.6577049544,5250721.771773549
372805.0,3509388.9745840267,778911.0329447181,5250722.794325783
372806.0,3509388.833782681,778911.5671419217,5250724.206963633
372807.0,3509470.363850337,778828.2095260057,5250657.090652083
372808.0,3509470.321194522,778828.1463026103,5250657.246764618
372809.0,3509470.4198315237,778828.3378207884,5250657.753184262
372810.0,3509470.6051660944,778828.5277626482,5250658.185117508
372811.0,3509470.9267329383,778828.7191730668,5250658.671551478
372812.0,3509470.994738671,778829.0253676141,5250659.160146575
372813.0,3509387.2912781523,778915.5195675914,5250729.669848861
372814.0,3509387.5895307716,778915.7641036147,5250730.166656679
372815.0,3509388.689746822,778916.2399936989,5250730.509453305
372816.0,3509472.8533655396,778831.7757996573,5250661.983701275
372817.0,3509473.2717323164,778833.1303043746,5250663.637911748
372818.0,3509473.8369540414,778834.6090713943,5250664.507241671
372819.0,3509392.3910135906,778920.0799054593,5250734.045358372
372820.0,3509392.771078553,778921.0946219333,5250734.042570657
372821.0,3509392.796524066,778922.3117219907,5250734.291209126
372822.0,3509383.0589353982,778924.0425344809,5250693.813489913
372823.0,3509393.0954637066,778925.0366309452,5250734.36276415
372824.0,3509393.2530048955,778926.5501521052,5250735.119634971
372825.0,3509393.6427411535,778927.886284257,5250735.408434623
372826.0,3509394.176869362,778929.2744420287,5250735.736664446
372827.0,3509394.3246960808,778930.6097965862,5250736.016149012
372828.0,3509394.759363996,778931.76857672,5250736.702342768
372829.0,3509395.836889636,778932.5978091845,5250736.9389057495
372830.0,3509397.042438371,778933.1834596713,5250737.352367331
372831.0,3509398.424217966,778933.3140042161,5250737.0190183455
372832.0,3509399.3828230025,778933.6590918045,5250736.927022144
372833.0,3509400.3985525034,778933.7944407228,5250737.297593949
372834.0,3509401.821403387,778933.7019447156,5250738.017354336
372835.0,3509403.3154236213,778933.5745395902,5250738.793105425
372836.0,3509403.9470955105,778933.598807979,5250737.853444099
372837.0,3509404.9561205064,778933.776621291,5250738.032184092
372838.0,3509405.981644165,778934.3083751878,5250738.705437695
372839.0,3509407.191245192,778934.246086784,5250738.036802311
372840.0,3509398.7395659736,778934.4728442057,5250697.253187811
372841.0,3509409.8608617233,778934.0449856181,5250738.672072803
372842.0,3509410.328605702,778933.1489593749,5250739.458748423
372843.0,3509410.4278264865,778932.2934980033,5250740.121795806
372844.0,3509410.768794916,778931.6359007121,5250741.215403522
372845.0,3509410.906547079,778930.685630803,5250742.100667636
372846.0,3509411.1957486724,778929.7012992096,5250743.099728135
372847.0,3509411.5658175587,778929.1082719096,5250744.518021631
372848.0,3509411.5467829546,778928.3930566646,5250745.742885708
372849.0,3509411.4901564987,778927.6277155541,5250746.5464590145
372850.0,3509411.5071973302,778926.9840962866,5250746.990906523
372851.0,3509411.74110959,778926.0606419515,5250747.574858054
372852.0,3509412.0151789524,778925.3555342607,5250748.625077838
372853.0,3509411.9948282004,778924.2739679231,5250749.2211136725
372854.0,3509412.611795305,778923.6235813707,5250750.42228455
372855.0,3509413.2055706102,778923.1584408202,5250752.116782284
372856.0,3509413.6371034514,778922.3191852933,5250752.7583747385
372857.0,3509413.560676152,778921.5869942633,5250753.465021449
372858.0,3509413.6355177234,778920.3075685116,5250753.885296884
372859.0,3509413.5881352853,778919.4768037802,5250754.744097974
372860.0,3509413.7425187426,778918.6530917068,5250755.704826569
372861.0,3509414.001482248,778918.0097692393,5250756.7664472265
372862.0,3509414.2419125047,778917.2654604927,5250757.185013044
372863.0,3509414.3193448437,778916.2836449317,5250757.892495684
372864.0,3509414.3692953074,778915.6387737565,5250758.914734899
372865.0,3509414.3864376373,778914.8047138862,5250759.904360389
372866.0,3509414.6585994246,778914.0121362192,5250760.811349631
372867.0,3509345.0401017442,778855.3051550552,5250701.09300938
372868.0,3509345.076617264,778854.6010862831,5250702.022936421
372869.0,3509415.972305122,778912.2934640554,5250763.590113983
372870.0,3509416.9392825277,778912.0620417144,5250764.162311517
372871.0,3509417.419275541,778911.9662976011,5250764.502699191
372872.0,3509417.945333982,778912.1281921837,5250764.978869082
372873.0,3509418.4581123614,778912.5191930434,5250764.67206039
372874.0,3509419.5941888844,778913.8140642404,5250765.247406211
372875.0,3509419.564515842,778914.825973982,5250765.101798935
372876.0,3509419.666132225,778916.350526384,5250765.578639364
372877.0,3509419.8869115845,778917.6706252911,5250766.1016721055
372878.0,3509420.0681721307,778919.1223137907,5250766.35634517
372879.0,3509420.374649468,778920.5753536046,5250766.869201302
372880.0,3509420.7020534133,778921.8114075655,5250767.47254581
372881.0,3509421.200699831,778923.2894862695,5250768.206590679
372882.0,3509421.5618210095,778924.6964321932,5250769.102957425
372883.0,3509422.1371689667,778926.2019965559,5250769.723524618
372884.0,3509422.4444911424,778927.4610471128,5250770.209645343
372885.0,3509422.3803843693,778928.702861555,5250770.448412866
372886.0,3509422.4879589113,778929.8372228533,5250770.6931378
372887.0,3509422.89972374,778931.3243182505,5250771.526309644
372888.0,3509423.161350113,778932.8224846312,5250772.089672987
372889.0,3509423.3116286257,778934.3887079755,5250772.364618745
372890.0,3509423.558687396,778935.7680012789,5250772.720245898
372891.0,3509423.6643496114,778937.1575620894,5250773.556045361
372892.0,3509424.0066029,778938.6028833517,5250774.509322455
372893.0,3509424.4782405584,778939.6802262064,5250774.07761862
372894.0,3509425.304958401,778940.9926002073,5250774.636517869
372895.0,3509425.6247684197,778942.0921688807,5250774.834240417
372896.0,3509426.379985051,778943.0621124748,5250774.969391028
372897.0,3509426.4075266947,778944.4921035869,5250775.343343715
372898.0,3509426.4475758197,778946.0474181034,5250775.691802921
372899.0,3509426.8698338475,778947.1895574647,5250776.230732457
372900.0,3509427.6073657135,778948.1120755736,5250776.985563163
372901.0,3509428.5481045796,778948.3987812374,5250777.746167009
372902.0,3509429.1457995726,778948.5040504718,5250778.299409199
372903.0,3509429.9455243386,778948.5538832156,5250778.246965201
372904.0,3509431.050375753,778948.2922271176,5250777.587193093
372905.0,3509431.8169702957,778948.0239931961,5250777.492242017
372906.0,3509433.235529711,778948.2566080452,5250778.226982482
372907.0,3509434.2616278804,778948.499863721,5250778.733862957
372908.0,3509435.548830406,778948.9084966,5250779.582857929
372909.0,3509436.6879713037,778949.0803732469,5250780.014528268
372910.0,3509437.6743117324,778949.1133751753,5250780.081669586
372911.0,3509428.9213009803,778949.1955043838,5250738.684753795
372912.0,3509439.764508759,778949.3000904735,5250780.878758742
372913.0,3509441.0520237735,778949.4658171559,5250782.556657805
372914.0,3509441.9517909484,778949.5289733184,5250782.864121546
372915.0,3509442.8794603148,778948.971624805,5250783.954802605
372916.0,3509443.5308049475,778948.154902452,5250785.906556285
372917.0,3509443.4212702923,778947.4776950749,5250786.150936278
372918.0,3509443.220952993,778946.7846759642,5250786.404563986
372919.0,3509443.376697767,778946.272556639,5250787.01314818
372920.0,3509443.4230139437,778945.5169703688,5250787.110653099
372921.0,3509372.912033694,778944.0136483812,5250493.569495615
372922.0,3509402.3085803012,778943.710133159,5250616.986677721
372923.0,3509442.8277003597,778943.6364761302,5250785.460423485
372924.0,3509443.156633821,778943.1186332509,5250787.03630727
372925.0,3509443.46419173,778942.4123644147,5250788.279731551
372926.0,3509443.744348795,778941.5631039613,5250789.771017741
372927.0,3509444.304584631,778940.6608474387,5250791.695704749
372928.0,3509444.9557882426,778939.8955612979,5250794.082278889
372929.0,3509445.229933342,778939.0359504914,5250795.822745124
372930.0,3509445.4971480686,778938.0931685355,5250797.068136337
372931.0,3509445.428534778,778936.8354463648,5250797.725223535
372932.0,3509445.4991556527,778936.118556003,5250798.645331221
372933.0,3509445.584186629,778935.2817486763,5250799.919122399
372934.0,3509445.645312551,778934.425701179,5250800.466650465
372935.0,3509445.5383159984,778933.4495123281,5250801.23476045
372936.0,3509445.8090566657,778932.7054372581,5250801.958976782
372937.0,3509446.216972406,778932.3090079715,5250803.286426258
372938.0,3509446.541608848,778931.5160796731,5250804.018411541
372939.0,3509446.836071607,778930.9125284713,5250804.686736085
372940.0,3509446.9730023444,778930.4230328458,5250804.930257299
372941.0,3509447.521780243,778929.9294810342,5250806.342161177
372942.0,3509448.0359106283,778929.7036280995,5250807.679944862
372943.0,3509448.7747439137,778928.9011065396,5250808.666539021
372944.0,3509439.4013792416,778928.3719535266,5250767.0576009825
372945.0,3509450.9716392765,778928.4404369977,5250811.253842649
372946.0,3509452.1601550365,778928.9956925723,5250812.9938573325
372947.0,3509452.7771759136,778929.8779064742,5250813.283068482
372948.0,3509453.768395173,778931.2782985934,5250816.009675221
372949.0,3509453.398491057,778932.3121638153,5250816.179415129
372950.0,3509453.5278432397,778933.6225313703,5250815.999559776
372951.0,3509453.8831979595,778934.9432790589,5250817.177377749
372952.0,3509454.575198082,778936.2987572439,5250818.95549561
372953.0,3509454.904865198,778937.697333276,5250819.777577557
372954.0,3509454.7680699727,778938.8208044833,5250820.839675905
372955.0,3509455.458682089,778940.4950463675,5250821.765847585
372956.0,3509455.603600956,778942.1015661412,5250823.025363031
372957.0,3509455.627193313,778943.8172027639,5250821.992426949
372958.0,3509455.9631251334,778945.39137985,5250821.225316506
372959.0,3509456.2207727814,778947.0810528612,5250819.63179261
372960.0,3509297.747565938,778944.6868724995,5250161.1997104855
372961.0,3509298.0826950283,778946.3272543391,5250161.420136744
372962.0,3509298.2469256064,778948.0685985495,5250161.783739677
372963.0,3509298.9338876703,778949.5782654642,5250162.017713657
372964.0,3509298.9958104226,778951.5437351628,5250162.467041438
372965.0,3509456.0830232822,778957.4576323805,5250812.863123289
372966.0,3509456.110459508,778959.0242931278,5250813.9350892
372967.0,3509455.9001308414,778960.3270507712,5250815.009431094
372968.0,3509455.3574926653,778961.7214377252,5250816.317006663
372969.0,3509455.0622769366,778962.8384528568,5250817.4578701705
372970.0,3509397.212204547,778914.7700353215,5250769.6396458
372971.0,3509454.3087623753,778963.9130860599,5250822.575229016
372972.0,3509453.6571439565,778964.6585651302,5250823.921785577
372973.0,3509452.9637987665,778964.8177641173,5250826.34374615
372974.0,3509452.2646610257,778965.217247746,5250828.204130058
372975.0,3509451.6375317457,778965.5678387946,5250828.753800765
372976.0,3509450.391141993,778965.8835144525,5250828.889182161
372977.0,3509449.184588658,778966.0973037346,5250829.522970531
372978.0,3509448.433638458,778966.4126344282,5250830.462465477
372979.0,3509447.6453355514,778966.6533016799,5250831.768464481
372980.0,3509447.818567725,778967.0651138602,5250832.984985509
372981.0,3509446.653477122,778967.4700488532,5250834.528680953
372982.0,3509445.94791056,778967.8031004955,5250836.006874057
372983.0,3509445.8564790674,778968.581223383,5250837.813169246
372984.0,3509444.6457124827,778968.9005164215,5250839.094768285
372985.0,3509443.8668443444,778969.2236392773,5250840.763363705
372986.0,3509442.764017518,778969.611146893,5250842.093586354
372987.0,3509441.7249668096,778970.1551239388,5250844.158572706
372988.0,3509441.715337085,778970.3649252707,5250845.540252653
372989.0,3509440.949651285,778971.0990225492,5250847.686212406
372990.0,3509439.6676241085,778971.4214218061,5250849.23787654
372991.0,3509438.3100147797,778971.7385355617,5250850.50524109
372992.0,3509437.540770101,778972.0942221136,5250851.871627972
372993.0,3509436.8573852554,778972.4433999704,5250853.037465998
372994.0,3509435.866459951,778972.4512670963,5250853.679048488
372995.0,3509435.2360520423,778972.605822867,5250855.008341915
372996.0,3509434.933809463,778971.9398167566,5250856.2973337835
372997.0,3509434.7471577157,778970.8892837437,5250857.12170643
372998.0,3509434.603543954,778970.1320657036,5250858.692816738
372999.0,3509434.81711095,778969.2499179891,5250859.774302892
373000.0,3509435.2206343194,778968.0446349087,5250860.738537243
373001.0,3509435.407960183,778966.7028346861,5250861.397719418
373002.0,3509435.3832303276,778965.7664326009,5250862.181097894
373003.0,3509435.7084546345,778964.5453193532,5250862.99874493
373004.0,3509439.8114357595,778959.1653610067,5250859.408959161
373005.0,3509435.857984938,778962.6698794416,5250864.662586875
373006.0,3509435.9435888417,778961.7723981699,5250865.57700432
373007.0,3509436.416078309,778960.7759728555,5250866.779038702
373008.0,3509436.59526784,778959.6481912219,5250867.58699927
373009.0,3509436.825240919,778958.6473240155,5250868.896853397
373010.0,3509436.934648151,778957.6501642512,5250869.544643095
373011.0,3509437.2743922016,778956.5521416673,5250870.46507966
373012.0,3509437.3045372493,778955.5146887576,5250871.455503801
373013.0,3509437.3557128017,778955.6572397178,5250872.324234671
373014.0,3509437.597915216,778956.0838615618,5250873.221521678
373015.0,3509437.8394399546,778956.5093928227,5250873.838127777
373016.0,3509438.1394695756,778956.8267587179,5250874.53689966
373017.0,3509438.1649511564,778957.0849713157,5250875.335240287
373018.0,3509438.5776023497,778957.3600168584,5250876.436651752
373019.0,3509438.8437362937,778957.5463990177,5250877.14989985
373020.0,3509439.101423628,778957.6947496637,5250877.876879221
373021.0,3509439.2426819233,778957.8739586431,5250878.654720373
373022.0,3509439.5939927315,778958.1844738587,5250879.196229351
373023.0,3509439.9036907647,778958.3358407514,5250879.684466541
373024.0,3509440.0844557337,778958.6668946182,5250880.450974816
373025.0,3509440.384967619,778958.9551207277,5250881.115532297
373026.0,3509440.610152953,778959.2301316301,5250881.791866884
373027.0,3509440.8753939043,778959.4778717583,5250882.507747675
373028.0,3509441.1387363328,778959.5382240558,5250883.001279185
373029.0,3509441.387165139,778959.7766924009,5250883.577265655
373030.0,3509441.635881595,778959.9849968798,5250884.564824782
373031.0,3509441.802250304,778960.2401941518,5250885.319704767
373032.0,3509442.0333933546,778960.5767879343,5250885.904187296
373033.0,3509442.245452279,778960.8090032688,5250886.591698415
373034.0,3509442.3952357545,778960.9267834325,5250887.078659659
373035.0,3509442.6400659624,778961.2960327779,5250887.789413228
373036.0,3509442.8355790814,778961.3959538923,5250888.613288727
373037.0,3509443.174590356,778961.7112202074,5250889.273899166
373038.0,3509443.460086349,778961.9290886333,5250889.99231988
373039.0,3509443.7224785094,778962.0290845945,5250890.643812091
373040.0,3509443.8415817614,778962.2200231875,5250891.334223542
373041.0,3509443.9702925733,778962.4213588722,5250891.765216072
373042.0,3509444.346983595,778962.5892469933,5250892.784396461
373043.0,3509444.576147535,778962.9981347801,5250893.651369853
373044.0,3509444.926106837,778963.2718218106,5250894.398476042
373045.0,3509445.2531038844,778963.5508059581,5250895.253847844
373046.0,3509445.5419841018,778963.7529311031,5250896.176764474
373047.0,3509445.622876121,778964.1022051076,5250896.787684947
373048.0,3509445.8281472316,778964.277458975,5250897.379554162
373049.0,3509446.087977691,778964.2651094077,5250897.893349478
373050.0,3509446.230025571,778964.5168132659,5250898.430904376
373051.0,3509446.5621782783,778964.778051758,5250899.130681814
373052.0,3509446.8856674302,778964.9445540316,5250899.983608274
373053.0,3509447.155636861,778965.1195464795,5250900.660818029
373054.0,3509447.5145932566,778965.210274093,5250901.295228369
373055.0,3509447.8378435094,778965.0559689746,5250902.0074731335
373056.0,3509448.058028387,778965.3340853042,5250902.704738824
373057.0,3509448.3632063246,778965.6205512655,5250903.351398603
373058.0,3509448.550084827,778965.8939644906,5250904.164208139
373059.0,3509448.8080442697,778965.9133478854,5250904.685517455
373060.0,3509448.9039760423,778966.281329631,5250905.66899387
373061.0,3509449.0810498763,778966.4088024416,5250906.344531816
373062.0,3509449.226807714,778966.5528691389,5250906.825844641
373063.0,3509449.5958468565,778966.7718009463,5250907.347709236
373064.0,3509449.7892735526,778966.9748103338,5250907.863594321
373065.0,3509450.0909174713,778967.1452853305,5250908.620999433
373066.0,3509450.3032388245,778967.4611449353,5250909.441139252
373067.0,3509450.6164342966,778967.7739873398,5250910.196502578
373068.0,3509450.7489843196,778968.1564797878,5250911.166993286
373069.0,3509450.843992414,778968.5791384216,5250911.656814069
373070.0,3509450.9388137655,778968.9067761048,5250912.3427965185
373071.0,3509451.234042167,778969.2282169071,5250913.192887989
373072.0,3509451.452401941,778969.3701277925,5250913.7403898975
373073.0,3509451.7285175896,778969.5184995525,5250914.204193588
373074.0,3509452.111291476,778969.6543023556,5250914.797549547
373075.0,3509452.3273909325,778969.7728526893,5250915.650893985
373076.0,3509452.6409558244,778969.9311796329,5250916.279045448
373077.0,3509452.918864359,778970.1460847151,5250916.930359009
373078.0,3509453.1663226206,778970.6868229561,5250917.855610528
373079.0,3509453.3754071738,778970.9819600777,5250918.742323666
373080.0,3509453.5229914277,778971.2868099947,5250919.475581997
373081.0,3509453.667551814,778971.6037697187,5250920.426854692
373082.0,3509453.897747238,778971.8505881449,5250921.1780953305
373083.0,3509454.0541932387,778972.0707906026,5250921.597206789
373084.0,3509454.30027759,778972.2348126234,5250922.327824259
373085.0,3509454.542164681,778972.5612566965,5250923.397644675
373086.0,3509454.671270716,778972.7766457438,5250924.124433264
373087.0,3509454.9275457435,778972.9928331696,5250924.604940695
373088.0,3509455.3102696403,778973.3655514984,5250925.456698103
373089.0,3509455.3810195276,778973.3644541699,5250926.578437234
373090.0,3509455.0656177793,778973.0313757963,5250927.702684908
373091.0,3509454.5600773855,778973.457359803,5250929.078052274
373092.0,3509454.4809578764,778973.8908421469,5250930.07350938
373093.0,3509454.863293908,778974.107842673,5250930.066729132
373094.0,3509455.670984254,778974.2052143333,5250930.551790618
373095.0,3509456.105233499,778973.9266663097,5250931.159154461
373096.0,3509456.1116422685,778974.524664936,5250931.830118762
373097.0,3509456.542796966,778975.3154019729,5250933.235905173
373098.0,3509426.4468491958,779142.8471097666,5250998.314211299
